versions:android-4.2_r1,android-4.3_r1,cm-10.1
build,https://android.googlesource.com/platform/build,https://review.lineageos.org/LineageOS/android_build
abi_cpp,https://android.googlesource.com/platform/abi/cpp,https://review.lineageos.org/LineageOS/android_abi_cpp
bionic,https://android.googlesource.com/platform/bionic,https://review.lineageos.org/LineageOS/android_bionic
bootable_diskinstaller,https://android.googlesource.com/platform/bootable/diskinstaller,https://review.lineageos.org/LineageOS/android_bootable_diskinstaller
bootable_recovery,https://android.googlesource.com/platform/bootable/recovery,https://review.lineageos.org/LineageOS/android_bootable_recovery
dalvik,https://android.googlesource.com/platform/dalvik,https://review.lineageos.org/LineageOS/android_dalvik
development,https://android.googlesource.com/platform/development,https://review.lineageos.org/LineageOS/android_development
device_common,https://android.googlesource.com/device/common,https://review.lineageos.org/LineageOS/android_device_common
device_generic_armv7-a-neon,https://android.googlesource.com/device/generic/armv7-a-neon,https://review.lineageos.org/LineageOS/android_device_generic_armv7-a-neon
device_generic_armv7-a,https://android.googlesource.com/device/generic/armv7-a,https://review.lineageos.org/LineageOS/android_device_generic_armv7-a
device_generic_common,https://android.googlesource.com/device/generic/common,https://review.lineageos.org/LineageOS/android_device_generic_common
device_generic_goldfish,https://android.googlesource.com/device/generic/goldfish,https://review.lineageos.org/LineageOS/android_device_generic_goldfish
device_generic_mips,https://android.googlesource.com/device/generic/mips,https://review.lineageos.org/LineageOS/android_device_generic_mips
device_generic_x86,https://android.googlesource.com/device/generic/x86,https://review.lineageos.org/LineageOS/android_device_generic_x86
device_google_accessory_arduino,https://android.googlesource.com/device/google/accessory/arduino,https://review.lineageos.org/LineageOS/android_device_google_accessory_arduino
device_google_accessory_demokit,https://android.googlesource.com/device/google/accessory/demokit,https://review.lineageos.org/LineageOS/android_device_google_accessory_demokit
device_sample,https://android.googlesource.com/device/sample,https://review.lineageos.org/LineageOS/android_device_sample
device_ti_panda,https://android.googlesource.com/device/ti/panda,https://review.lineageos.org/LineageOS/android_device_ti_panda
external_aac,https://android.googlesource.com/platform/external/aac,https://review.lineageos.org/LineageOS/android_external_aac
external_android-clat,https://android.googlesource.com/platform/external/android-clat,https://review.lineageos.org/LineageOS/android_external_android-clat
external_android-mock,https://android.googlesource.com/platform/external/android-mock,https://review.lineageos.org/LineageOS/android_external_android-mock
external_ant-glob,https://android.googlesource.com/platform/external/ant-glob,https://review.lineageos.org/LineageOS/android_external_ant-glob
external_antlr,https://android.googlesource.com/platform/external/antlr,https://review.lineageos.org/LineageOS/android_external_antlr
external_apache-harmony,https://android.googlesource.com/platform/external/apache-harmony,https://review.lineageos.org/LineageOS/android_external_apache-harmony
external_apache-http,https://android.googlesource.com/platform/external/apache-http,https://review.lineageos.org/LineageOS/android_external_apache-http
external_apache-qp,https://android.googlesource.com/platform/external/apache-qp,https://review.lineageos.org/LineageOS/android_external_apache-qp
external_apache-xml,https://android.googlesource.com/platform/external/apache-xml,https://review.lineageos.org/LineageOS/android_external_apache-xml
external_arduino,https://android.googlesource.com/platform/external/arduino,https://review.lineageos.org/LineageOS/android_external_arduino
external_astl,https://android.googlesource.com/platform/external/astl,https://review.lineageos.org/LineageOS/android_external_astl
external_bison,https://android.googlesource.com/platform/external/bison,https://review.lineageos.org/LineageOS/android_external_bison
external_blktrace,https://android.googlesource.com/platform/external/blktrace,https://review.lineageos.org/LineageOS/android_external_blktrace
external_bluetooth_bluedroid,https://android.googlesource.com/platform/external/bluetooth/bluedroid,https://review.lineageos.org/LineageOS/android_external_bluetooth_bluedroid
external_bouncycastle,https://android.googlesource.com/platform/external/bouncycastle,https://review.lineageos.org/LineageOS/android_external_bouncycastle
external_bsdiff,https://android.googlesource.com/platform/external/bsdiff,https://review.lineageos.org/LineageOS/android_external_bsdiff
external_bzip2,https://android.googlesource.com/platform/external/bzip2,https://review.lineageos.org/LineageOS/android_external_bzip2
external_checkpolicy,https://android.googlesource.com/platform/external/checkpolicy,https://review.lineageos.org/LineageOS/android_external_checkpolicy
external_chromium,https://android.googlesource.com/platform/external/chromium,https://review.lineageos.org/LineageOS/android_external_chromium
external_chromium-trace,https://android.googlesource.com/platform/external/chromium-trace,https://review.lineageos.org/LineageOS/android_external_chromium-trace
external_cibu-fonts,https://android.googlesource.com/platform/external/cibu-fonts,https://review.lineageos.org/LineageOS/android_external_cibu-fonts
external_clang,https://android.googlesource.com/platform/external/clang,https://review.lineageos.org/LineageOS/android_external_clang
external_compiler-rt,https://android.googlesource.com/platform/external/compiler-rt,https://review.lineageos.org/LineageOS/android_external_compiler-rt
external_dbus,https://android.googlesource.com/platform/external/dbus,https://review.lineageos.org/LineageOS/android_external_dbus
external_dexmaker,https://android.googlesource.com/platform/external/dexmaker,https://review.lineageos.org/LineageOS/android_external_dexmaker
external_dhcpcd,https://android.googlesource.com/platform/external/dhcpcd,https://review.lineageos.org/LineageOS/android_external_dhcpcd
external_dnsmasq,https://android.googlesource.com/platform/external/dnsmasq,https://review.lineageos.org/LineageOS/android_external_dnsmasq
external_doclava,https://android.googlesource.com/platform/external/doclava,https://review.lineageos.org/LineageOS/android_external_doclava
external_dropbear,https://android.googlesource.com/platform/external/dropbear,https://review.lineageos.org/LineageOS/android_external_dropbear
external_e2fsprogs,https://android.googlesource.com/platform/external/e2fsprogs,https://review.lineageos.org/LineageOS/android_external_e2fsprogs
external_easymock,https://android.googlesource.com/platform/external/easymock,https://review.lineageos.org/LineageOS/android_external_easymock
external_eclipse-basebuilder,https://android.googlesource.com/platform/external/eclipse-basebuilder,https://review.lineageos.org/LineageOS/android_external_eclipse-basebuilder
external_eclipse-windowbuilder,https://android.googlesource.com/platform/external/eclipse-windowbuilder,https://review.lineageos.org/LineageOS/android_external_eclipse-windowbuilder
external_elfutils,https://android.googlesource.com/platform/external/elfutils,https://review.lineageos.org/LineageOS/android_external_elfutils
external_embunit,https://android.googlesource.com/platform/external/embunit,https://review.lineageos.org/LineageOS/android_external_embunit
external_emma,https://android.googlesource.com/platform/external/emma,https://review.lineageos.org/LineageOS/android_external_emma
external_esd,https://android.googlesource.com/platform/external/esd,https://review.lineageos.org/LineageOS/android_external_esd
external_expat,https://android.googlesource.com/platform/external/expat,https://review.lineageos.org/LineageOS/android_external_expat
external_eyes-free,https://android.googlesource.com/platform/external/eyes-free,https://review.lineageos.org/LineageOS/android_external_eyes-free
external_fat32lib,https://android.googlesource.com/platform/external/fat32lib,https://review.lineageos.org/LineageOS/android_external_fat32lib
external_fdlibm,https://android.googlesource.com/platform/external/fdlibm,https://review.lineageos.org/LineageOS/android_external_fdlibm
external_flac,https://android.googlesource.com/platform/external/flac,https://review.lineageos.org/LineageOS/android_external_flac
external_freetype,https://android.googlesource.com/platform/external/freetype,https://review.lineageos.org/LineageOS/android_external_freetype
external_fsck_msdos,https://android.googlesource.com/platform/external/fsck_msdos,https://review.lineageos.org/LineageOS/android_external_fsck_msdos
external_ganymed-ssh2,https://android.googlesource.com/platform/external/ganymed-ssh2,https://review.lineageos.org/LineageOS/android_external_ganymed-ssh2
external_gcc-demangle,https://android.googlesource.com/platform/external/gcc-demangle,https://review.lineageos.org/LineageOS/android_external_gcc-demangle
external_genext2fs,https://android.googlesource.com/platform/external/genext2fs,https://review.lineageos.org/LineageOS/android_external_genext2fs
external_giflib,https://android.googlesource.com/platform/external/giflib,https://review.lineageos.org/LineageOS/android_external_giflib
external_google-diff-match-patch,https://android.googlesource.com/platform/external/google-diff-match-patch,https://review.lineageos.org/LineageOS/android_external_google-diff-match-patch
external_grub,https://android.googlesource.com/platform/external/grub,https://review.lineageos.org/LineageOS/android_external_grub
external_gtest,https://android.googlesource.com/platform/external/gtest,https://review.lineageos.org/LineageOS/android_external_gtest
external_guava,https://android.googlesource.com/platform/external/guava,https://review.lineageos.org/LineageOS/android_external_guava
external_hamcrest,https://android.googlesource.com/platform/external/hamcrest,https://review.lineageos.org/LineageOS/android_external_hamcrest
external_harfbuzz,https://android.googlesource.com/platform/external/harfbuzz,https://review.lineageos.org/LineageOS/android_external_harfbuzz
external_hyphenation,https://android.googlesource.com/platform/external/hyphenation,https://review.lineageos.org/LineageOS/android_external_hyphenation
external_icu4c,https://android.googlesource.com/platform/external/icu4c,https://review.lineageos.org/LineageOS/android_external_icu4c
external_iproute2,https://android.googlesource.com/platform/external/iproute2,https://review.lineageos.org/LineageOS/android_external_iproute2
external_ipsec-tools,https://android.googlesource.com/platform/external/ipsec-tools,https://review.lineageos.org/LineageOS/android_external_ipsec-tools
external_iptables,https://android.googlesource.com/platform/external/iptables,https://review.lineageos.org/LineageOS/android_external_iptables
external_jack,https://android.googlesource.com/platform/external/jack,https://review.lineageos.org/LineageOS/android_external_jack
external_javasqlite,https://android.googlesource.com/platform/external/javasqlite,https://review.lineageos.org/LineageOS/android_external_javasqlite
external_javassist,https://android.googlesource.com/platform/external/javassist,https://review.lineageos.org/LineageOS/android_external_javassist
external_jdiff,https://android.googlesource.com/platform/external/jdiff,https://review.lineageos.org/LineageOS/android_external_jdiff
external_jhead,https://android.googlesource.com/platform/external/jhead,https://review.lineageos.org/LineageOS/android_external_jhead
external_jmdns,https://android.googlesource.com/platform/external/jmdns,https://review.lineageos.org/LineageOS/android_external_jmdns
external_jmonkeyengine,https://android.googlesource.com/platform/external/jmonkeyengine,https://review.lineageos.org/LineageOS/android_external_jmonkeyengine
external_jpeg,https://android.googlesource.com/platform/external/jpeg,https://review.lineageos.org/LineageOS/android_external_jpeg
external_jsilver,https://android.googlesource.com/platform/external/jsilver,https://review.lineageos.org/LineageOS/android_external_jsilver
external_jsr305,https://android.googlesource.com/platform/external/jsr305,https://review.lineageos.org/LineageOS/android_external_jsr305
external_junit,https://android.googlesource.com/platform/external/junit,https://review.lineageos.org/LineageOS/android_external_junit
external_kernel-headers,https://android.googlesource.com/platform/external/kernel-headers,https://review.lineageos.org/LineageOS/android_external_kernel-headers
external_libcap-ng,https://android.googlesource.com/platform/external/libcap-ng,https://review.lineageos.org/LineageOS/android_external_libcap-ng
external_libffi,https://android.googlesource.com/platform/external/libffi,https://review.lineageos.org/LineageOS/android_external_libffi
external_libgsm,https://android.googlesource.com/platform/external/libgsm,https://review.lineageos.org/LineageOS/android_external_libgsm
external_liblzf,https://android.googlesource.com/platform/external/liblzf,https://review.lineageos.org/LineageOS/android_external_liblzf
external_libmtp,https://android.googlesource.com/platform/external/libmtp,https://review.lineageos.org/LineageOS/android_external_libmtp
external_libnfc-nci,https://android.googlesource.com/platform/external/libnfc-nci,https://review.lineageos.org/LineageOS/android_external_libnfc-nci
external_libnfc-nxp,https://android.googlesource.com/platform/external/libnfc-nxp,https://review.lineageos.org/LineageOS/android_external_libnfc-nxp
external_libnl-headers,https://android.googlesource.com/platform/external/libnl-headers,https://review.lineageos.org/LineageOS/android_external_libnl-headers
external_libogg,https://android.googlesource.com/platform/external/libogg,https://review.lineageos.org/LineageOS/android_external_libogg
external_libpcap,https://android.googlesource.com/platform/external/libpcap,https://review.lineageos.org/LineageOS/android_external_libpcap
external_libphonenumber,https://android.googlesource.com/platform/external/libphonenumber,https://review.lineageos.org/LineageOS/android_external_libphonenumber
external_libpng,https://android.googlesource.com/platform/external/libpng,https://review.lineageos.org/LineageOS/android_external_libpng
external_libppp,https://android.googlesource.com/platform/external/libppp,https://review.lineageos.org/LineageOS/android_external_libppp
external_libselinux,https://android.googlesource.com/platform/external/libselinux,https://review.lineageos.org/LineageOS/android_external_libselinux
external_libsepol,https://android.googlesource.com/platform/external/libsepol,https://review.lineageos.org/LineageOS/android_external_libsepol
external_libusb,https://android.googlesource.com/platform/external/libusb,https://review.lineageos.org/LineageOS/android_external_libusb
external_libusb-compat,https://android.googlesource.com/platform/external/libusb-compat,https://review.lineageos.org/LineageOS/android_external_libusb-compat
external_libvorbis,https://android.googlesource.com/platform/external/libvorbis,https://review.lineageos.org/LineageOS/android_external_libvorbis
external_libvpx,https://android.googlesource.com/platform/external/libvpx,https://review.lineageos.org/LineageOS/android_external_libvpx
external_libxml2,https://android.googlesource.com/platform/external/libxml2,https://review.lineageos.org/LineageOS/android_external_libxml2
external_libxslt,https://android.googlesource.com/platform/external/libxslt,https://review.lineageos.org/LineageOS/android_external_libxslt
external_libyuv,https://android.googlesource.com/platform/external/libyuv,https://review.lineageos.org/LineageOS/android_external_libyuv
external_linux-tools-perf,https://android.googlesource.com/platform/external/linux-tools-perf,https://review.lineageos.org/LineageOS/android_external_linux-tools-perf
external_littlemock,https://android.googlesource.com/platform/external/littlemock,https://review.lineageos.org/LineageOS/android_external_littlemock
external_llvm,https://android.googlesource.com/platform/external/llvm,https://review.lineageos.org/LineageOS/android_external_llvm
external_lohit-fonts,https://android.googlesource.com/platform/external/lohit-fonts,https://review.lineageos.org/LineageOS/android_external_lohit-fonts
external_markdown,https://android.googlesource.com/platform/external/markdown,https://review.lineageos.org/LineageOS/android_external_markdown
external_mdnsresponder,https://android.googlesource.com/platform/external/mdnsresponder,https://review.lineageos.org/LineageOS/android_external_mdnsresponder
external_mesa3d,https://android.googlesource.com/platform/external/mesa3d,https://review.lineageos.org/LineageOS/android_external_mesa3d
external_mksh,https://android.googlesource.com/platform/external/mksh,https://review.lineageos.org/LineageOS/android_external_mksh
external_mockwebserver,https://android.googlesource.com/platform/external/mockwebserver,https://review.lineageos.org/LineageOS/android_external_mockwebserver
external_mp4parser,https://android.googlesource.com/platform/external/mp4parser,https://review.lineageos.org/LineageOS/android_external_mp4parser
external_mtpd,https://android.googlesource.com/platform/external/mtpd,https://review.lineageos.org/LineageOS/android_external_mtpd
external_naver-fonts,https://android.googlesource.com/platform/external/naver-fonts,https://review.lineageos.org/LineageOS/android_external_naver-fonts
external_netcat,https://android.googlesource.com/platform/external/netcat,https://review.lineageos.org/LineageOS/android_external_netcat
external_netperf,https://android.googlesource.com/platform/external/netperf,https://review.lineageos.org/LineageOS/android_external_netperf
external_neven,https://android.googlesource.com/platform/external/neven,https://review.lineageos.org/LineageOS/android_external_neven
external_nist-sip,https://android.googlesource.com/platform/external/nist-sip,https://review.lineageos.org/LineageOS/android_external_nist-sip
external_oauth,https://android.googlesource.com/platform/external/oauth,https://review.lineageos.org/LineageOS/android_external_oauth
external_okhttp,https://android.googlesource.com/platform/external/okhttp,https://review.lineageos.org/LineageOS/android_external_okhttp
external_opencv,https://android.googlesource.com/platform/external/opencv,https://review.lineageos.org/LineageOS/android_external_opencv
external_openfst,https://android.googlesource.com/platform/external/openfst,https://review.lineageos.org/LineageOS/android_external_openfst
external_openssh,https://android.googlesource.com/platform/external/openssh,https://review.lineageos.org/LineageOS/android_external_openssh
external_openssl,https://android.googlesource.com/platform/external/openssl,https://review.lineageos.org/LineageOS/android_external_openssl
external_oprofile,https://android.googlesource.com/platform/external/oprofile,https://review.lineageos.org/LineageOS/android_external_oprofile
external_ping,https://android.googlesource.com/platform/external/ping,https://review.lineageos.org/LineageOS/android_external_ping
external_ping6,https://android.googlesource.com/platform/external/ping6,https://review.lineageos.org/LineageOS/android_external_ping6
external_ppp,https://android.googlesource.com/platform/external/ppp,https://review.lineageos.org/LineageOS/android_external_ppp
external_proguard,https://android.googlesource.com/platform/external/proguard,https://review.lineageos.org/LineageOS/android_external_proguard
external_protobuf,https://android.googlesource.com/platform/external/protobuf,https://review.lineageos.org/LineageOS/android_external_protobuf
external_qemu,https://android.googlesource.com/platform/external/qemu,https://review.lineageos.org/LineageOS/android_external_qemu
external_qemu-pc-bios,https://android.googlesource.com/platform/external/qemu-pc-bios,https://review.lineageos.org/LineageOS/android_external_qemu-pc-bios
external_quake,https://android.googlesource.com/platform/external/quake,https://review.lineageos.org/LineageOS/android_external_quake
external_regex-re2,https://android.googlesource.com/platform/external/regex-re2,https://review.lineageos.org/LineageOS/android_external_regex-re2
external_replicaisland,https://android.googlesource.com/platform/external/replicaisland,https://review.lineageos.org/LineageOS/android_external_replicaisland
external_safe-iop,https://android.googlesource.com/platform/external/safe-iop,https://review.lineageos.org/LineageOS/android_external_safe-iop
external_sepolicy,https://android.googlesource.com/platform/external/sepolicy,https://review.lineageos.org/LineageOS/android_external_sepolicy
external_skia,https://android.googlesource.com/platform/external/skia,https://review.lineageos.org/LineageOS/android_external_skia
external_smali,https://android.googlesource.com/platform/external/smali,https://review.lineageos.org/LineageOS/android_external_smali
external_sonivox,https://android.googlesource.com/platform/external/sonivox,https://review.lineageos.org/LineageOS/android_external_sonivox
external_speex,https://android.googlesource.com/platform/external/speex,https://review.lineageos.org/LineageOS/android_external_speex
external_sqlite,https://android.googlesource.com/platform/external/sqlite,https://review.lineageos.org/LineageOS/android_external_sqlite
external_srec,https://android.googlesource.com/platform/external/srec,https://review.lineageos.org/LineageOS/android_external_srec
external_srtp,https://android.googlesource.com/platform/external/srtp,https://review.lineageos.org/LineageOS/android_external_srtp
external_stlport,https://android.googlesource.com/platform/external/stlport,https://review.lineageos.org/LineageOS/android_external_stlport
external_strace,https://android.googlesource.com/platform/external/strace,https://review.lineageos.org/LineageOS/android_external_strace
external_stressapptest,https://android.googlesource.com/platform/external/stressapptest,https://review.lineageos.org/LineageOS/android_external_stressapptest
external_tagsoup,https://android.googlesource.com/platform/external/tagsoup,https://review.lineageos.org/LineageOS/android_external_tagsoup
external_tcpdump,https://android.googlesource.com/platform/external/tcpdump,https://review.lineageos.org/LineageOS/android_external_tcpdump
external_tinyalsa,https://android.googlesource.com/platform/external/tinyalsa,https://review.lineageos.org/LineageOS/android_external_tinyalsa
external_tinyxml,https://android.googlesource.com/platform/external/tinyxml,https://review.lineageos.org/LineageOS/android_external_tinyxml
external_tinyxml2,https://android.googlesource.com/platform/external/tinyxml2,https://review.lineageos.org/LineageOS/android_external_tinyxml2
external_tremolo,https://android.googlesource.com/platform/external/tremolo,https://review.lineageos.org/LineageOS/android_external_tremolo
external_v8,https://android.googlesource.com/platform/external/v8,https://review.lineageos.org/LineageOS/android_external_v8
external_valgrind,https://android.googlesource.com/platform/external/valgrind,https://review.lineageos.org/LineageOS/android_external_valgrind
external_webkit,https://android.googlesource.com/platform/external/webkit,https://review.lineageos.org/LineageOS/android_external_webkit
external_webp,https://android.googlesource.com/platform/external/webp,https://review.lineageos.org/LineageOS/android_external_webp
external_webrtc,https://android.googlesource.com/platform/external/webrtc,https://review.lineageos.org/LineageOS/android_external_webrtc
external_wpa_supplicant_6,https://android.googlesource.com/platform/external/wpa_supplicant_6,https://review.lineageos.org/LineageOS/android_external_wpa_supplicant_6
external_wpa_supplicant_8,https://android.googlesource.com/platform/external/wpa_supplicant_8,https://review.lineageos.org/LineageOS/android_external_wpa_supplicant_8
external_xmlwriter,https://android.googlesource.com/platform/external/xmlwriter,https://review.lineageos.org/LineageOS/android_external_xmlwriter
external_xmp_toolkit,https://android.googlesource.com/platform/external/xmp_toolkit,https://review.lineageos.org/LineageOS/android_external_xmp_toolkit
external_yaffs2,https://android.googlesource.com/platform/external/yaffs2,https://review.lineageos.org/LineageOS/android_external_yaffs2
external_zlib,https://android.googlesource.com/platform/external/zlib,https://review.lineageos.org/LineageOS/android_external_zlib
external_zxing,https://android.googlesource.com/platform/external/zxing,https://review.lineageos.org/LineageOS/android_external_zxing
frameworks_av,https://android.googlesource.com/platform/frameworks/av,https://review.lineageos.org/LineageOS/android_frameworks_av
frameworks_compile_libbcc,https://android.googlesource.com/platform/frameworks/compile/libbcc,https://review.lineageos.org/LineageOS/android_frameworks_compile_libbcc
frameworks_compile_linkloader,https://android.googlesource.com/platform/frameworks/compile/linkloader,https://review.lineageos.org/LineageOS/android_frameworks_compile_linkloader
frameworks_compile_llvm-ndk-cc,https://android.googlesource.com/platform/frameworks/compile/llvm-ndk-cc,https://review.lineageos.org/LineageOS/android_frameworks_compile_llvm-ndk-cc
frameworks_compile_mclinker,https://android.googlesource.com/platform/frameworks/compile/mclinker,https://review.lineageos.org/LineageOS/android_frameworks_compile_mclinker
frameworks_compile_slang,https://android.googlesource.com/platform/frameworks/compile/slang,https://review.lineageos.org/LineageOS/android_frameworks_compile_slang
frameworks_ex,https://android.googlesource.com/platform/frameworks/ex,https://review.lineageos.org/LineageOS/android_frameworks_ex
frameworks_mff,https://android.googlesource.com/platform/frameworks/mff,https://review.lineageos.org/LineageOS/android_frameworks_mff
frameworks_ml,https://android.googlesource.com/platform/frameworks/ml,https://review.lineageos.org/LineageOS/android_frameworks_ml
frameworks_native,https://android.googlesource.com/platform/frameworks/native,https://review.lineageos.org/LineageOS/android_frameworks_native
frameworks_opt_calendar,https://android.googlesource.com/platform/frameworks/opt/calendar,https://review.lineageos.org/LineageOS/android_frameworks_opt_calendar
frameworks_opt_carddav,https://android.googlesource.com/platform/frameworks/opt/carddav,https://review.lineageos.org/LineageOS/android_frameworks_opt_carddav
frameworks_opt_emoji,https://android.googlesource.com/platform/frameworks/opt/emoji,https://review.lineageos.org/LineageOS/android_frameworks_opt_emoji
frameworks_opt_inputmethodcommon,https://android.googlesource.com/platform/frameworks/opt/inputmethodcommon,https://review.lineageos.org/LineageOS/android_frameworks_opt_inputmethodcommon
frameworks_opt_mailcommon,https://android.googlesource.com/platform/frameworks/opt/mailcommon,https://review.lineageos.org/LineageOS/android_frameworks_opt_mailcommon
frameworks_opt_mms,https://android.googlesource.com/platform/frameworks/opt/mms,https://review.lineageos.org/LineageOS/android_frameworks_opt_mms
frameworks_opt_photoviewer,https://android.googlesource.com/platform/frameworks/opt/photoviewer,https://review.lineageos.org/LineageOS/android_frameworks_opt_photoviewer
frameworks_opt_telephony,https://android.googlesource.com/platform/frameworks/opt/telephony,https://review.lineageos.org/LineageOS/android_frameworks_opt_telephony
frameworks_opt_vcard,https://android.googlesource.com/platform/frameworks/opt/vcard,https://review.lineageos.org/LineageOS/android_frameworks_opt_vcard
frameworks_rs,https://android.googlesource.com/platform/frameworks/rs,https://review.lineageos.org/LineageOS/android_frameworks_rs
frameworks_support,https://android.googlesource.com/platform/frameworks/support,https://review.lineageos.org/LineageOS/android_frameworks_support
frameworks_testing,https://android.googlesource.com/platform/frameworks/testing,https://review.lineageos.org/LineageOS/android_frameworks_testing
frameworks_wilhelm,https://android.googlesource.com/platform/frameworks/wilhelm,https://review.lineageos.org/LineageOS/android_frameworks_wilhelm
hardware_broadcom_wlan,https://android.googlesource.com/platform/hardware/broadcom/wlan,https://review.lineageos.org/LineageOS/android_hardware_broadcom_wlan
hardware_invensense,https://android.googlesource.com/platform/hardware/invensense,https://review.lineageos.org/LineageOS/android_hardware_invensense
hardware_libhardware,https://android.googlesource.com/platform/hardware/libhardware,https://review.lineageos.org/LineageOS/android_hardware_libhardware
hardware_libhardware_legacy,https://android.googlesource.com/platform/hardware/libhardware_legacy,https://review.lineageos.org/LineageOS/android_hardware_libhardware_legacy
hardware_msm7k,https://android.googlesource.com/platform/hardware/msm7k,https://review.lineageos.org/LineageOS/android_hardware_msm7k
hardware_qcom_audio,https://android.googlesource.com/platform/hardware/qcom/audio,https://review.lineageos.org/LineageOS/android_hardware_qcom_audio
hardware_qcom_bt,https://android.googlesource.com/platform/hardware/qcom/bt,https://review.lineageos.org/LineageOS/android_hardware_qcom_bt
hardware_qcom_camera,https://android.googlesource.com/platform/hardware/qcom/camera,https://review.lineageos.org/LineageOS/android_hardware_qcom_camera
hardware_qcom_display,https://android.googlesource.com/platform/hardware/qcom/display,https://review.lineageos.org/LineageOS/android_hardware_qcom_display
hardware_qcom_gps,https://android.googlesource.com/platform/hardware/qcom/gps,https://review.lineageos.org/LineageOS/android_hardware_qcom_gps
hardware_qcom_keymaster,https://android.googlesource.com/platform/hardware/qcom/keymaster,https://review.lineageos.org/LineageOS/android_hardware_qcom_keymaster
hardware_qcom_media,https://android.googlesource.com/platform/hardware/qcom/media,https://review.lineageos.org/LineageOS/android_hardware_qcom_media
hardware_qcom_msm8960,https://android.googlesource.com/platform/hardware/qcom/msm8960,https://review.lineageos.org/LineageOS/android_hardware_qcom_msm8960
hardware_qcom_power,https://android.googlesource.com/platform/hardware/qcom/power,https://review.lineageos.org/LineageOS/android_hardware_qcom_power
hardware_qcom_sensors,https://android.googlesource.com/platform/hardware/qcom/sensors,https://review.lineageos.org/LineageOS/android_hardware_qcom_sensors
hardware_qcom_wlan,https://android.googlesource.com/platform/hardware/qcom/wlan,https://review.lineageos.org/LineageOS/android_hardware_qcom_wlan
hardware_ril,https://android.googlesource.com/platform/hardware/ril,https://review.lineageos.org/LineageOS/android_hardware_ril
hardware_samsung_slsi_exynos5,https://android.googlesource.com/platform/hardware/samsung_slsi/exynos5,https://review.lineageos.org/LineageOS/android_hardware_samsung_slsi_exynos5
hardware_ti_omap3,https://android.googlesource.com/platform/hardware/ti/omap3,https://review.lineageos.org/LineageOS/android_hardware_ti_omap3
hardware_ti_omap4xxx,https://android.googlesource.com/platform/hardware/ti/omap4xxx,https://review.lineageos.org/LineageOS/android_hardware_ti_omap4xxx
hardware_ti_wlan,https://android.googlesource.com/platform/hardware/ti/wlan,https://review.lineageos.org/LineageOS/android_hardware_ti_wlan
hardware_ti_wpan,https://android.googlesource.com/platform/hardware/ti/wpan,https://review.lineageos.org/LineageOS/android_hardware_ti_wpan
libcore,https://android.googlesource.com/platform/libcore,https://review.lineageos.org/LineageOS/android_libcore
libnativehelper,https://android.googlesource.com/platform/libnativehelper,https://review.lineageos.org/LineageOS/android_libnativehelper
packages_apps_BasicSmsReceiver,https://android.googlesource.com/platform/packages/apps/BasicSmsReceiver,https://review.lineageos.org/LineageOS/android_packages_apps_BasicSmsReceiver
packages_apps_Bluetooth,https://android.googlesource.com/platform/packages/apps/Bluetooth,https://review.lineageos.org/LineageOS/android_packages_apps_Bluetooth
packages_apps_Browser,https://android.googlesource.com/platform/packages/apps/Browser,https://review.lineageos.org/LineageOS/android_packages_apps_Browser
packages_apps_Calculator,https://android.googlesource.com/platform/packages/apps/Calculator,https://review.lineageos.org/LineageOS/android_packages_apps_Calculator
packages_apps_Calendar,https://android.googlesource.com/platform/packages/apps/Calendar,https://review.lineageos.org/LineageOS/android_packages_apps_Calendar
packages_apps_Camera,https://android.googlesource.com/platform/packages/apps/Camera,https://review.lineageos.org/LineageOS/android_packages_apps_Camera
packages_apps_CellBroadcastReceiver,https://android.googlesource.com/platform/packages/apps/CellBroadcastReceiver,https://review.lineageos.org/LineageOS/android_packages_apps_CellBroadcastReceiver
packages_apps_CertInstaller,https://android.googlesource.com/platform/packages/apps/CertInstaller,https://review.lineageos.org/LineageOS/android_packages_apps_CertInstaller
packages_apps_Contacts,https://android.googlesource.com/platform/packages/apps/Contacts,https://review.lineageos.org/LineageOS/android_packages_apps_Contacts
packages_apps_DeskClock,https://android.googlesource.com/platform/packages/apps/DeskClock,https://review.lineageos.org/LineageOS/android_packages_apps_DeskClock
packages_apps_Email,https://android.googlesource.com/platform/packages/apps/Email,https://review.lineageos.org/LineageOS/android_packages_apps_Email
packages_apps_Exchange,https://android.googlesource.com/platform/packages/apps/Exchange,https://review.lineageos.org/LineageOS/android_packages_apps_Exchange
packages_apps_Gallery,https://android.googlesource.com/platform/packages/apps/Gallery,https://review.lineageos.org/LineageOS/android_packages_apps_Gallery
packages_apps_Gallery2,https://android.googlesource.com/platform/packages/apps/Gallery2,https://review.lineageos.org/LineageOS/android_packages_apps_Gallery2
packages_apps_HTMLViewer,https://android.googlesource.com/platform/packages/apps/HTMLViewer,https://review.lineageos.org/LineageOS/android_packages_apps_HTMLViewer
packages_apps_KeyChain,https://android.googlesource.com/platform/packages/apps/KeyChain,https://review.lineageos.org/LineageOS/android_packages_apps_KeyChain
packages_apps_Launcher2,https://android.googlesource.com/platform/packages/apps/Launcher2,https://review.lineageos.org/LineageOS/android_packages_apps_Launcher2
packages_apps_LegacyCamera,https://android.googlesource.com/platform/packages/apps/LegacyCamera,https://review.lineageos.org/LineageOS/android_packages_apps_LegacyCamera
packages_apps_Mms,https://android.googlesource.com/platform/packages/apps/Mms,https://review.lineageos.org/LineageOS/android_packages_apps_Mms
packages_apps_Music,https://android.googlesource.com/platform/packages/apps/Music,https://review.lineageos.org/LineageOS/android_packages_apps_Music
packages_apps_MusicFX,https://android.googlesource.com/platform/packages/apps/MusicFX,https://review.lineageos.org/LineageOS/android_packages_apps_MusicFX
packages_apps_Nfc,https://android.googlesource.com/platform/packages/apps/Nfc,https://review.lineageos.org/LineageOS/android_packages_apps_Nfc
packages_apps_PackageInstaller,https://android.googlesource.com/platform/packages/apps/PackageInstaller,https://review.lineageos.org/LineageOS/android_packages_apps_PackageInstaller
packages_apps_Phone,https://android.googlesource.com/platform/packages/apps/Phone,https://review.lineageos.org/LineageOS/android_packages_apps_Phone
packages_apps_Protips,https://android.googlesource.com/platform/packages/apps/Protips,https://review.lineageos.org/LineageOS/android_packages_apps_Protips
packages_apps_Provision,https://android.googlesource.com/platform/packages/apps/Provision,https://review.lineageos.org/LineageOS/android_packages_apps_Provision
packages_apps_QuickSearchBox,https://android.googlesource.com/platform/packages/apps/QuickSearchBox,https://review.lineageos.org/LineageOS/android_packages_apps_QuickSearchBox
packages_apps_Settings,https://android.googlesource.com/platform/packages/apps/Settings,https://review.lineageos.org/LineageOS/android_packages_apps_Settings
packages_apps_SmartCardService,https://android.googlesource.com/platform/packages/apps/SmartCardService,https://review.lineageos.org/LineageOS/android_packages_apps_SmartCardService
packages_apps_SoundRecorder,https://android.googlesource.com/platform/packages/apps/SoundRecorder,https://review.lineageos.org/LineageOS/android_packages_apps_SoundRecorder
packages_apps_SpareParts,https://android.googlesource.com/platform/packages/apps/SpareParts,https://review.lineageos.org/LineageOS/android_packages_apps_SpareParts
packages_apps_SpeechRecorder,https://android.googlesource.com/platform/packages/apps/SpeechRecorder,https://review.lineageos.org/LineageOS/android_packages_apps_SpeechRecorder
packages_apps_Stk,https://android.googlesource.com/platform/packages/apps/Stk,https://review.lineageos.org/LineageOS/android_packages_apps_Stk
packages_apps_Tag,https://android.googlesource.com/platform/packages/apps/Tag,https://review.lineageos.org/LineageOS/android_packages_apps_Tag
packages_apps_VideoEditor,https://android.googlesource.com/platform/packages/apps/VideoEditor,https://review.lineageos.org/LineageOS/android_packages_apps_VideoEditor
packages_apps_VoiceDialer,https://android.googlesource.com/platform/packages/apps/VoiceDialer,https://review.lineageos.org/LineageOS/android_packages_apps_VoiceDialer
packages_experimental,https://android.googlesource.com/platform/packages/experimental,https://review.lineageos.org/LineageOS/android_packages_experimental
packages_inputmethods_LatinIME,https://android.googlesource.com/platform/packages/inputmethods/LatinIME,https://review.lineageos.org/LineageOS/android_packages_inputmethods_LatinIME
packages_inputmethods_OpenWnn,https://android.googlesource.com/platform/packages/inputmethods/OpenWnn,https://review.lineageos.org/LineageOS/android_packages_inputmethods_OpenWnn
packages_inputmethods_PinyinIME,https://android.googlesource.com/platform/packages/inputmethods/PinyinIME,https://review.lineageos.org/LineageOS/android_packages_inputmethods_PinyinIME
packages_providers_ApplicationsProvider,https://android.googlesource.com/platform/packages/providers/ApplicationsProvider,https://review.lineageos.org/LineageOS/android_packages_providers_ApplicationsProvider
packages_providers_CalendarProvider,https://android.googlesource.com/platform/packages/providers/CalendarProvider,https://review.lineageos.org/LineageOS/android_packages_providers_CalendarProvider
packages_providers_ContactsProvider,https://android.googlesource.com/platform/packages/providers/ContactsProvider,https://review.lineageos.org/LineageOS/android_packages_providers_ContactsProvider
packages_providers_DownloadProvider,https://android.googlesource.com/platform/packages/providers/DownloadProvider,https://review.lineageos.org/LineageOS/android_packages_providers_DownloadProvider
packages_providers_DrmProvider,https://android.googlesource.com/platform/packages/providers/DrmProvider,https://review.lineageos.org/LineageOS/android_packages_providers_DrmProvider
packages_providers_MediaProvider,https://android.googlesource.com/platform/packages/providers/MediaProvider,https://review.lineageos.org/LineageOS/android_packages_providers_MediaProvider
packages_providers_PartnerBookmarksProvider,https://android.googlesource.com/platform/packages/providers/PartnerBookmarksProvider,https://review.lineageos.org/LineageOS/android_packages_providers_PartnerBookmarksProvider
packages_providers_TelephonyProvider,https://android.googlesource.com/platform/packages/providers/TelephonyProvider,https://review.lineageos.org/LineageOS/android_packages_providers_TelephonyProvider
packages_providers_UserDictionaryProvider,https://android.googlesource.com/platform/packages/providers/UserDictionaryProvider,https://review.lineageos.org/LineageOS/android_packages_providers_UserDictionaryProvider
packages_screensavers_Basic,https://android.googlesource.com/platform/packages/screensavers/Basic,https://review.lineageos.org/LineageOS/android_packages_screensavers_Basic
packages_screensavers_PhotoTable,https://android.googlesource.com/platform/packages/screensavers/PhotoTable,https://review.lineageos.org/LineageOS/android_packages_screensavers_PhotoTable
packages_screensavers_WebView,https://android.googlesource.com/platform/packages/screensavers/WebView,https://review.lineageos.org/LineageOS/android_packages_screensavers_WebView
packages_wallpapers_Basic,https://android.googlesource.com/platform/packages/wallpapers/Basic,https://review.lineageos.org/LineageOS/android_packages_wallpapers_Basic
packages_wallpapers_Galaxy4,https://android.googlesource.com/platform/packages/wallpapers/Galaxy4,https://review.lineageos.org/LineageOS/android_packages_wallpapers_Galaxy4
packages_wallpapers_HoloSpiral,https://android.googlesource.com/platform/packages/wallpapers/HoloSpiral,https://review.lineageos.org/LineageOS/android_packages_wallpapers_HoloSpiral
packages_wallpapers_LivePicker,https://android.googlesource.com/platform/packages/wallpapers/LivePicker,https://review.lineageos.org/LineageOS/android_packages_wallpapers_LivePicker
packages_wallpapers_MagicSmoke,https://android.googlesource.com/platform/packages/wallpapers/MagicSmoke,https://review.lineageos.org/LineageOS/android_packages_wallpapers_MagicSmoke
packages_wallpapers_MusicVisualization,https://android.googlesource.com/platform/packages/wallpapers/MusicVisualization,https://review.lineageos.org/LineageOS/android_packages_wallpapers_MusicVisualization
packages_wallpapers_NoiseField,https://android.googlesource.com/platform/packages/wallpapers/NoiseField,https://review.lineageos.org/LineageOS/android_packages_wallpapers_NoiseField
packages_wallpapers_PhaseBeam,https://android.googlesource.com/platform/packages/wallpapers/PhaseBeam,https://review.lineageos.org/LineageOS/android_packages_wallpapers_PhaseBeam
sdk,https://android.googlesource.com/platform/sdk,https://review.lineageos.org/LineageOS/android_sdk
system_bluetooth,https://android.googlesource.com/platform/system/bluetooth,https://review.lineageos.org/LineageOS/android_system_bluetooth
system_core,https://android.googlesource.com/platform/system/core,https://review.lineageos.org/LineageOS/android_system_core
system_extras,https://android.googlesource.com/platform/system/extras,https://review.lineageos.org/LineageOS/android_system_extras
system_media,https://android.googlesource.com/platform/system/media,https://review.lineageos.org/LineageOS/android_system_media
system_netd,https://android.googlesource.com/platform/system/netd,https://review.lineageos.org/LineageOS/android_system_netd
system_security,https://android.googlesource.com/platform/system/security,https://review.lineageos.org/LineageOS/android_system_security
system_vold,https://android.googlesource.com/platform/system/vold,https://review.lineageos.org/LineageOS/android_system_vold
